epoch,time,train/box_loss,train/cls_loss,train/dfl_loss,metrics/precision(B),metrics/recall(B),metrics/mAP50(B),metrics/mAP50-95(B),val/box_loss,val/cls_loss,val/dfl_loss,lr/pg0,lr/pg1,lr/pg2
1,151.805,1.80118,3.02688,1.62402,0.38844,0.27698,0.26024,0.09911,1.90186,8.13278,1.78602,0.000553554,0.000553554,0.000553554
2,309.173,1.80041,2.46174,1.60871,0.26021,0.38086,0.26047,0.1093,1.81728,6.21723,1.65144,0.000560156,0.000560156,0.000560156
